{"prefix": {"roocs": "urn:roocs:", "provone": "http://purl.dataone.org/provone/2015/01/15/ontology#", "dcterms": "http://purl.org/dc/terms/"}, "agent": {"roocs:C3S_CDS": {"prov:type": {"$": "prov:Organization", "type": "prov:QUALIFIED_NAME"}, "prov:label": "Copernicus Climate Data Store", "dcterms:source": "https://cds.climate.copernicus.eu"}, "roocs:Provider": {"prov:type": {"$": "prov:Agent", "type": "prov:QUALIFIED_NAME"}, "prov:label": "Provider", "dcterms:source": "Rook"}, "roocs:rook_v0.15.0": {"prov:type": {"$": "prov:SoftwareAgent", "type": "prov:QUALIFIED_NAME"}, "prov:label": "Rook", "dcterms:source": "https://github.com/roocs/rook/releases/tag/v0.15.0"}, "roocs:clisops_v0.12.2": {"prov:type": {"$": "prov:SoftwareAgent", "type": "prov:QUALIFIED_NAME"}, "prov:label": "clisops", "dcterms:source": "https://github.com/roocs/clisops/releases/tag/v0.12.2"}}, "wasAttributedTo": {"_:id1": {"prov:entity": "roocs:rook_v0.15.0", "prov:agent": "roocs:C3S_CDS"}, "_:id2": {"prov:entity": "roocs:rook_v0.15.0", "prov:agent": "roocs:Provider"}}, "entity": {"roocs:workflow_d5f2da94-3585-458e-bb11-f617d7fad6b4": {"prov:type": {"$": "provone:Workflow", "type": "prov:QUALIFIED_NAME"}}, "roocs:c3s-cmip6.CMIP.NCC.NorESM2-MM.historical.r1i1p1f1.Amon.pr.gn.v20191108": {"prov:type": {"$": "provone:Data", "type": "prov:QUALIFIED_NAME"}, "prov:label": "c3s-cmip6.CMIP.NCC.NorESM2-MM.historical.r1i1p1f1.Amon.pr.gn.v20191108"}, "roocs:pr_Amon_NorESM2-MM_historical_r1i1p1f1_gn_19800116-20141216.nc": {"prov:type": {"$": "provone:Data", "type": "prov:QUALIFIED_NAME"}, "prov:label": "pr_Amon_NorESM2-MM_historical_r1i1p1f1_gn_19800116-20141216.nc"}}, "activity": {"roocs:orchestrate_d5f2da94-3585-458e-bb11-f617d7fad6b4": {"prov:type": {"$": "provone:Execution", "type": "prov:QUALIFIED_NAME"}, "prov:label": "orchestrate", "prov:startTime": "2025-03-19T18:07:11", "prov:endTime": "2025-03-19T18:07:12"}, "roocs:subset_pr_1_0f8d8896-7290-49a3-b076-8fc83f306aeb": {"prov:type": {"$": "provone:Execution", "type": "prov:QUALIFIED_NAME"}, "prov:label": "subset_pr_1", "roocs:time": "1980/2014", "roocs:time_components": "year:1980,1981,1982,1983,1984,1985,1986,1987,1988,1989,1990,1991,1992,1993,1994,1995,1996,1997,1998,1999,2000,2001,2002,2003,2004,2005,2006,2007,2008,2009,2010,2011,2012,2013,2014", "roocs:area": "-75.25333404599996,2.103541731000064,-66.45585385399994,7.939799911000051", "roocs:apply_fixes": false}}, "wasAssociatedWith": {"_:id3": {"prov:activity": "roocs:orchestrate_d5f2da94-3585-458e-bb11-f617d7fad6b4", "prov:agent": "roocs:rook_v0.15.0", "prov:plan": "roocs:workflow_d5f2da94-3585-458e-bb11-f617d7fad6b4"}, "_:id4": {"prov:activity": "roocs:subset_pr_1_0f8d8896-7290-49a3-b076-8fc83f306aeb", "prov:agent": "roocs:clisops_v0.12.2", "prov:plan": "roocs:workflow_d5f2da94-3585-458e-bb11-f617d7fad6b4"}}, "wasDerivedFrom": {"_:id5": {"prov:generatedEntity": "roocs:pr_Amon_NorESM2-MM_historical_r1i1p1f1_gn_19800116-20141216.nc", "prov:usedEntity": "roocs:c3s-cmip6.CMIP.NCC.NorESM2-MM.historical.r1i1p1f1.Amon.pr.gn.v20191108", "prov:activity": "roocs:subset_pr_1_0f8d8896-7290-49a3-b076-8fc83f306aeb"}}}