{"prefix": {"roocs": "urn:roocs:", "provone": "http://purl.dataone.org/provone/2015/01/15/ontology#", "dcterms": "http://purl.org/dc/terms/"}, "agent": {"roocs:C3S_CDS": {"prov:type": {"$": "prov:Organization", "type": "prov:QUALIFIED_NAME"}, "prov:label": "Copernicus Climate Data Store", "dcterms:source": "https://cds.climate.copernicus.eu"}, "roocs:Provider": {"prov:type": {"$": "prov:Agent", "type": "prov:QUALIFIED_NAME"}, "prov:label": "Provider", "dcterms:source": "Rook"}, "roocs:rook_v0.15.0": {"prov:type": {"$": "prov:SoftwareAgent", "type": "prov:QUALIFIED_NAME"}, "prov:label": "Rook", "dcterms:source": "https://github.com/roocs/rook/releases/tag/v0.15.0"}, "roocs:clisops_v0.12.2": {"prov:type": {"$": "prov:SoftwareAgent", "type": "prov:QUALIFIED_NAME"}, "prov:label": "clisops", "dcterms:source": "https://github.com/roocs/clisops/releases/tag/v0.12.2"}}, "wasAttributedTo": {"_:id1": {"prov:entity": "roocs:rook_v0.15.0", "prov:agent": "roocs:C3S_CDS"}, "_:id2": {"prov:entity": "roocs:rook_v0.15.0", "prov:agent": "roocs:Provider"}}, "entity": {"roocs:workflow_c315cd7e-4093-4e55-8ca9-803130a467fb": {"prov:type": {"$": "provone:Workflow", "type": "prov:QUALIFIED_NAME"}}, "roocs:c3s-cmip6.ScenarioMIP.CCCR-IITM.IITM-ESM.ssp585.r1i1p1f1.Amon.tas.gn.v20200915": {"prov:type": {"$": "provone:Data", "type": "prov:QUALIFIED_NAME"}, "prov:label": "c3s-cmip6.ScenarioMIP.CCCR-IITM.IITM-ESM.ssp585.r1i1p1f1.Amon.tas.gn.v20200915"}, "roocs:tas_Amon_IITM-ESM_ssp585_r1i1p1f1_gn_20150116-20851216.nc": {"prov:type": {"$": "provone:Data", "type": "prov:QUALIFIED_NAME"}, "prov:label": "tas_Amon_IITM-ESM_ssp585_r1i1p1f1_gn_20150116-20851216.nc"}}, "activity": {"roocs:orchestrate_c315cd7e-4093-4e55-8ca9-803130a467fb": {"prov:type": {"$": "provone:Execution", "type": "prov:QUALIFIED_NAME"}, "prov:label": "orchestrate", "prov:startTime": "2025-03-20T02:20:44", "prov:endTime": "2025-03-20T02:20:46"}, "roocs:subset_tas_1_11cb4024-2272-47e5-9dd9-90e52d1472eb": {"prov:type": {"$": "provone:Execution", "type": "prov:QUALIFIED_NAME"}, "prov:label": "subset_tas_1", "roocs:time": "2015/2085", "roocs:time_components": "year:2015,2016,2017,2018,2019,2020,2021,2022,2023,2024,2025,2026,2027,2028,2029,2030,2031,2032,2033,2034,2035,2036,2037,2038,2039,2040,2041,2042,2043,2044,2045,2046,2047,2048,2049,2050,2051,2052,2053,2054,2055,2056,2057,2058,2059,2060,2061,2062,2063,2064,2065,2066,2067,2068,2069,2070,2071,2072,2073,2074,2075,2076,2077,2078,2079,2080,2081,2082,2083,2084,2085", "roocs:area": "-75.25333404599996,2.103541731000064,-66.45585385399994,7.939799911000051", "roocs:apply_fixes": false}}, "wasAssociatedWith": {"_:id3": {"prov:activity": "roocs:orchestrate_c315cd7e-4093-4e55-8ca9-803130a467fb", "prov:agent": "roocs:rook_v0.15.0", "prov:plan": "roocs:workflow_c315cd7e-4093-4e55-8ca9-803130a467fb"}, "_:id4": {"prov:activity": "roocs:subset_tas_1_11cb4024-2272-47e5-9dd9-90e52d1472eb", "prov:agent": "roocs:clisops_v0.12.2", "prov:plan": "roocs:workflow_c315cd7e-4093-4e55-8ca9-803130a467fb"}}, "wasDerivedFrom": {"_:id5": {"prov:generatedEntity": "roocs:tas_Amon_IITM-ESM_ssp585_r1i1p1f1_gn_20150116-20851216.nc", "prov:usedEntity": "roocs:c3s-cmip6.ScenarioMIP.CCCR-IITM.IITM-ESM.ssp585.r1i1p1f1.Amon.tas.gn.v20200915", "prov:activity": "roocs:subset_tas_1_11cb4024-2272-47e5-9dd9-90e52d1472eb"}}}