{"prefix": {"roocs": "urn:roocs:", "provone": "http://purl.dataone.org/provone/2015/01/15/ontology#", "dcterms": "http://purl.org/dc/terms/"}, "agent": {"roocs:C3S_CDS": {"prov:type": {"$": "prov:Organization", "type": "prov:QUALIFIED_NAME"}, "prov:label": "Copernicus Climate Data Store", "dcterms:source": "https://cds.climate.copernicus.eu"}, "roocs:Provider": {"prov:type": {"$": "prov:Agent", "type": "prov:QUALIFIED_NAME"}, "prov:label": "Provider", "dcterms:source": "Rook"}, "roocs:rook_v0.15.0": {"prov:type": {"$": "prov:SoftwareAgent", "type": "prov:QUALIFIED_NAME"}, "prov:label": "Rook", "dcterms:source": "https://github.com/roocs/rook/releases/tag/v0.15.0"}, "roocs:clisops_v0.12.2": {"prov:type": {"$": "prov:SoftwareAgent", "type": "prov:QUALIFIED_NAME"}, "prov:label": "clisops", "dcterms:source": "https://github.com/roocs/clisops/releases/tag/v0.12.2"}}, "wasAttributedTo": {"_:id1": {"prov:entity": "roocs:rook_v0.15.0", "prov:agent": "roocs:C3S_CDS"}, "_:id2": {"prov:entity": "roocs:rook_v0.15.0", "prov:agent": "roocs:Provider"}}, "entity": {"roocs:workflow_a83ee9d8-3d05-4285-8d34-392008e73440": {"prov:type": {"$": "provone:Workflow", "type": "prov:QUALIFIED_NAME"}}, "roocs:c3s-cmip6.CMIP.CCCma.CanESM5-CanOE.historical.r1i1p2f1.Amon.pr.gn.v20190429": {"prov:type": {"$": "provone:Data", "type": "prov:QUALIFIED_NAME"}, "prov:label": "c3s-cmip6.CMIP.CCCma.CanESM5-CanOE.historical.r1i1p2f1.Amon.pr.gn.v20190429"}, "roocs:pr_Amon_CanESM5-CanOE_historical_r1i1p2f1_gn_19800116-20141216.nc": {"prov:type": {"$": "provone:Data", "type": "prov:QUALIFIED_NAME"}, "prov:label": "pr_Amon_CanESM5-CanOE_historical_r1i1p2f1_gn_19800116-20141216.nc"}}, "activity": {"roocs:orchestrate_a83ee9d8-3d05-4285-8d34-392008e73440": {"prov:type": {"$": "provone:Execution", "type": "prov:QUALIFIED_NAME"}, "prov:label": "orchestrate", "prov:startTime": "2025-03-19T16:57:31", "prov:endTime": "2025-03-19T16:57:32"}, "roocs:subset_pr_1_8a38851c-6f03-4cca-ab77-87b684534c7f": {"prov:type": {"$": "provone:Execution", "type": "prov:QUALIFIED_NAME"}, "prov:label": "subset_pr_1", "roocs:time": "1980/2014", "roocs:time_components": "year:1980,1981,1982,1983,1984,1985,1986,1987,1988,1989,1990,1991,1992,1993,1994,1995,1996,1997,1998,1999,2000,2001,2002,2003,2004,2005,2006,2007,2008,2009,2010,2011,2012,2013,2014", "roocs:area": "-75.25333404599996,2.103541731000064,-66.45585385399994,7.939799911000051", "roocs:apply_fixes": false}}, "wasAssociatedWith": {"_:id3": {"prov:activity": "roocs:orchestrate_a83ee9d8-3d05-4285-8d34-392008e73440", "prov:agent": "roocs:rook_v0.15.0", "prov:plan": "roocs:workflow_a83ee9d8-3d05-4285-8d34-392008e73440"}, "_:id4": {"prov:activity": "roocs:subset_pr_1_8a38851c-6f03-4cca-ab77-87b684534c7f", "prov:agent": "roocs:clisops_v0.12.2", "prov:plan": "roocs:workflow_a83ee9d8-3d05-4285-8d34-392008e73440"}}, "wasDerivedFrom": {"_:id5": {"prov:generatedEntity": "roocs:pr_Amon_CanESM5-CanOE_historical_r1i1p2f1_gn_19800116-20141216.nc", "prov:usedEntity": "roocs:c3s-cmip6.CMIP.CCCma.CanESM5-CanOE.historical.r1i1p2f1.Amon.pr.gn.v20190429", "prov:activity": "roocs:subset_pr_1_8a38851c-6f03-4cca-ab77-87b684534c7f"}}}